{"stats":{"minecraft:killed":{"minecraft:skeleton":2,"minecraft:sheep":6,"minecraft:chicken":5,"minecraft:cow":2},"minecraft:used":{"minecraft:diamond_sword":11,"minecraft:sand":2,"minecraft:grass_block":75,"minecraft:egg":194,"minecraft:smooth_stone":101},"minecraft:dropped":{"minecraft:chicken":2,"minecraft:feather":4,"minecraft:leather":1,"minecraft:wheat_seeds":1,"minecraft:beef":1,"minecraft:mutton":2,"minecraft:white_wool":1},"minecraft:picked_up":{"minecraft:cooked_mutton":3,"minecraft:feather":5,"minecraft:chicken":2,"minecraft:bone":2,"minecraft:arrow":2,"minecraft:leather":1,"minecraft:bow":1,"minecraft:wheat_seeds":1,"minecraft:beef":1,"minecraft:cooked_chicken":1,"minecraft:sand":2,"minecraft:mutton":5,"minecraft:white_wool":5,"minecraft:egg":2},"minecraft:custom":{"minecraft:time_since_rest":71411,"minecraft:walk_one_cm":23769,"minecraft:crouch_one_cm":141,"minecraft:sprint_one_cm":29186,"minecraft:play_time":71411,"minecraft:sneak_time":382,"minecraft:mob_kills":16,"minecraft:drop":12,"minecraft:jump":556,"minecraft:damage_dealt":1445,"minecraft:leave_game":9,"minecraft:time_since_death":71411,"minecraft:total_world_time":71411,"minecraft:fall_one_cm":1997,"minecraft:fly_one_cm":183384},"minecraft:mined":{"minecraft:short_grass":6,"minecraft:sand":2}},"DataVersion":3839}