{"stats":{"minecraft:killed":{"minecraft:skeleton":2,"minecraft:sheep":5,"minecraft:chicken":5,"minecraft:cow":1},"minecraft:dropped":{"minecraft:chicken":2,"minecraft:feather":4,"minecraft:wheat_seeds":1},"minecraft:picked_up":{"minecraft:cooked_mutton":3,"minecraft:feather":5,"minecraft:bone":2,"minecraft:chicken":2,"minecraft:arrow":2,"minecraft:bow":1,"minecraft:wheat_seeds":1,"minecraft:cooked_chicken":1,"minecraft:sand":2,"minecraft:mutton":3,"minecraft:white_wool":4,"minecraft:egg":2},"minecraft:custom":{"minecraft:time_since_rest":40220,"minecraft:walk_one_cm":17063,"minecraft:crouch_one_cm":141,"minecraft:play_time":40220,"minecraft:sprint_one_cm":22682,"minecraft:sneak_time":334,"minecraft:mob_kills":14,"minecraft:drop":7,"minecraft:jump":428,"minecraft:damage_dealt":1235,"minecraft:leave_game":6,"minecraft:time_since_death":40220,"minecraft:total_world_time":40220,"minecraft:fall_one_cm":1997,"minecraft:fly_one_cm":107411},"minecraft:mined":{"minecraft:short_grass":6,"minecraft:sand":2},"minecraft:used":{"minecraft:diamond_sword":11,"minecraft:sand":2,"minecraft:grass_block":75,"minecraft:egg":194,"minecraft:smooth_stone":101}},"DataVersion":3839}