{"stats":{"minecraft:custom":{"minecraft:jump":76,"minecraft:time_since_rest":2156,"minecraft:damage_dealt":80,"minecraft:leave_game":1,"minecraft:sprint_one_cm":5451,"minecraft:play_time":2156,"minecraft:time_since_death":2156,"minecraft:walk_one_cm":2214,"minecraft:sneak_time":3,"minecraft:total_world_time":2156,"minecraft:mob_kills":1,"minecraft:drop":1,"minecraft:fall_one_cm":1997,"minecraft:fly_one_cm":31104},"minecraft:killed":{"minecraft:sheep":1},"minecraft:used":{"minecraft:sand":2},"minecraft:dropped":{"minecraft:wheat_seeds":1},"minecraft:mined":{"minecraft:short_grass":6,"minecraft:sand":2},"minecraft:picked_up":{"minecraft:sand":2,"minecraft:mutton":1,"minecraft:wheat_seeds":1,"minecraft:white_wool":1}},"DataVersion":3839}